id,ime,ocena,zaloga,cena
10255,Assembly Square,4.7675,true,25999
10265,Ford Mustang,4.8075,true,14999
10266,NASA Apollo 11 Lunar Lander,4.8272,true,8999
10270,Bookshop,4.2209,true,16999
10271,Fiat 500,4.2455,true,6999
10272,Old Trafford - Manchester United,4.4643,false,24499
10273,Haunted House,4.4033,true,25999
10274,Ghostbusters™ ECTO-1,4.5636,true,20999
10276,Colosseum,4.2945,true,47499
10278,Police Station,4.5068,true,16999
10279,Volkswagen T2 Camper Van,3.3472,true,13999
10280,Flower Bouquet,4.6095,true,5499
10281,Bonsai Tree,4.5771,true,4499
10282,adidas Originals Superstar,4.7308,true,7999
10283,NASA Space Shuttle Discovery,4.7042,true,16999
10284,Camp Nou – FC Barcelona,4.1892,false,17399
10289,Bird of Paradise,4.5472,true,8999
10290,Pickup Truck,4.1429,true,11499
10291,Queer Eye – The Fab 5 Loft,3.9362,true,5399
10292,The Friends Apartments,4.589,true,15999
10293,Santa’s Visit,4.7682,true,8999
10294,LEGO® Titanic,4.7469,false,58999
10295,Porsche 911,4.6418,true,14999
10298,Vespa 125,4,true,8999
10299,Real Madrid – Santiago Bernabéu Stadium,5,true,34499
10300,Back to the Future Time Machine,4.7027,true,16999
10302,Optimus Prime,4.319,true,15999
10303,Loop Coaster,4.0469,true,34499
10304,Chevrolet Camaro Z28,4.5714,true,14999
10306,Atari® 2600,4.6333,true,20999
10309,Succulents,4.8393,true,4499
10311,Orchid,4.9036,false,4499
10411,Learn About Chinese Culture,null,false,6999
10497,Galaxy Explorer,4.82,true,8999
10692,LEGO® Creative Bricks,3.8571,true,1299
10696,LEGO® Medium Creative Brick Box,4.68,true,2499
10698,LEGO® Large Creative Brick Box,4.5,true,4499
10713,Creative Suitcase,4.6,true,1799
10714,Blue Baseplate,4.1,true,799
10772,Mickey Mouse's Propeller Plane,4.3333,true,899
10773,Minnie Mouse's Ice Cream Shop,4.8889,true,1799
10774,Mickey Mouse \u0026 Minnie Mouse's Space Rocket,4.6429,true,1799
10775,Mickey Mouse \u0026 Donald Duck's Farm,4.9333,true,2499
10776,Mickey \u0026 Friends Fire Truck \u0026 Station,4.9048,true,4499
10777,Mickey Mouse and Minnie Mouse's Camping Trip,5,true,1799
10778,"Mickey, Minnie and Goofy's Fairground Fun",null,true,2499
10780,Mickey and Friends Castle Defenders,5,true,4499
10781,Miles Morales: Spider-Man’s Techno Trike,4.5,true,899
10782,Hulk vs. Rhino Truck Showdown,5,true,1799
10783,Spider-Man at Doc Ock’s Lab,4,false,2499
10784,Spider-Man Webquarters Hangout,5,true,4499
10872,Train Bridge and Tracks,3.5,true,1999
10874,Steam Train,3.4048,true,5999
10875,Cargo Train,4.1818,true,11499
10882,Train Tracks,3.75,true,1799
10899,Frozen Ice Castle,4.5714,true,4499
10913,Brick Box,4.5,true,2499
10914,Deluxe Brick Box,4,true,4499
10915,Alphabet Truck,3.7,false,2499
10920,Elsa and Olaf's Tea Party,3.3333,true,1799
10929,Modular Playhouse,4.4286,false,5499
10930,Bulldozer,null,true,899
10931,Truck \u0026 Tracked Excavator,4.5,true,1799
10933,Tower Crane \u0026 Construction,5,true,11499
10934,Creative animals,5,false,5499
10938,Dinosaur Nursery,4.9333,true,1799
10939,T. rex and Triceratops Dinosaur Breakout,4.8261,false,2499
10940,Spider-Man Headquarters,4.8889,false,2499
10941,Mickey \u0026 Minnie Birthday Train,4.5,true,2999
10942,Minnie's House and Café,4.9615,false,4499
10943,Happy Childhood Moments,5,false,8999
10944,Space Shuttle Mission,5,true,1799
10945,Garbage Truck and Recycling,5,true,1799
10946,Family Camping Van Adventure,5,false,2499
10947,Race Cars,4.8519,true,4499
10948,Car Park and Car Wash,4.8889,true,8999
10949,Farm Animal Care,4,true,899
10950,Farm Tractor \u0026 Animal Care,5,false,1799
10951,Horse Stable and Pony Care,5,false,2499
10952,"Barn, Tractor \u0026 Farm Animal Care",5,false,5999
10953,Unicorn,null,true,899
10954,Number Train - Learn To Count,5,true,1799
10955,Animal Train,5,true,1799
10956,Amusement Park,4.9412,true,11499
10957,Fire Helicopter \u0026 Police Car,3.5,true,899
10958,Creative Birthday Party,4,false,4999
10959,Police Station \u0026 Helicopter,5,true,4499
10960,Belle's Ballroom,5,true,1799
10961,Airplane \u0026 Airport,4.6667,true,2499
10962,Buzz Lightyear’s Planetary Mission,4.8333,true,2999
10963,Spider-Man \u0026 Friends: Funfair Adventure,null,true,5499
10964,Bath Time Fun: Floating Red Panda,4.7627,true,899
10965,Bath Time Fun: Floating Animal Train,4.4778,true,1799
10966,Bath Time Fun: Floating Animal Island,4.7052,true,3999
10967,Police Motorcycle,5,true,899
10968,Doctor Visit,4.9286,true,1799
10969,Fire Engine,4.875,true,2499
10970,Fire Station \u0026 Helicopter,4.7143,true,8999
10971,Wild Animals of Africa,null,true,899
10972,Wild Animals of the Ocean,4.9333,true,1799
10973,Wild Animals of South America,4.75,true,4499
10974,Wild Animals of Asia,null,true,8999
10975,Wild Animals of the World,5,true,11499
10976,Santa's Gingerbread House,3.6667,true,2999
10977,My First Puppy \u0026 Kitten With Sounds,null,true,3999
10978,Creative Building Time,4.8,true,3999
10979,Wild Animals of Europe,5,true,5499
10980,LEGO® DUPLO® Green Building Plate,null,true,1299
11006,Creative Blue Bricks,5,false,449
11008,Bricks and Houses,5,true,1799
11009,Bricks and Lights,5,false,2499
11010,White Baseplate,4.2857,true,799
11011,Bricks and Animals,5,true,5499
11012,Creative White Bricks,3.5,true,449
11013,Creative Transparent Bricks,3.6364,true,2999
11014,Bricks and Wheels,4,true,4499
11015,Around the World,4.875,true,4499
11016,Creative Building Bricks,5,false,4499
11017,Creative Monsters,5,true,899
11018,Creative Ocean Fun,5,true,1799
11019,Bricks and Functions,4.9412,true,2999
11020,Build Together,5,true,8999
11021,90 Years of Play,5,true,4499
11022,Space Mission,3.8333,true,6999
11023,Green Baseplate,4,false,799
11024,Gray Baseplate,5,true,1299
11025,Blue Baseplate,null,true,799
11026,White Baseplate,5,true,799
11717,Bricks Bricks Plates,5,true,5999
11998,LEGO® Pick A Brick,5,true,1349
17101,BOOST Creative Toolbox,3.3925,true,14999
2000409,Window Exploration Bag,3.5,true,31499
2000414,Starter Kit,4.0667,true,2199
2000430,Identity and Landscape Kit,3.7273,true,61499
2000431,Connections Kit,3.3333,true,48999
21028,New York City,4.2468,true,4499
21034,London,4.6349,true,3499
21042,Statue of Liberty,4.6168,true,8999
21044,Paris,4.5,true,4499
21051,Tokyo,4.4242,false,5499
21054,The White House,4.7273,true,8999
21056,Taj Mahal,4.7436,true,10499
21057,Singapore,4.5962,true,5499
21058,Great Pyramid of Giza,4.5385,true,11999
21158,The Panda Nursery,4.625,true,1799
21160,The Illager Raid,4.1538,true,5999
21161,The Crafting Box 3.0,3.5556,false,6999
21164,The Coral Reef,4.875,true,899
21165,The Bee Farm,4.9032,true,1799
21166,The \,4.8846,true,1999
21167,The Trading Post,4.8621,true,1999
21168,The Warped Forest,5,true,2499
21169,The First Adventure,4.8889,false,5499
21170,The Pig House,4.5385,true,4499
21171,The Horse Stable,4.6875,true,1799
21172,The Ruined Portal,4.5429,true,2499
21173,The Sky Tower,4.7083,false,5499
21174,The Modern Treehouse,4.8636,true,10499
21176,The Jungle Abomination,4.9167,false,3499
21177,The Creeper™ Ambush,4.3636,true,899
21178,The Fox Lodge,4.9286,true,1799
21179,The Mushroom House,4.9091,true,1799
21180,The Guardian Battle,5,true,1999
21181,The Rabbit Ranch,4.8077,true,2999
21183,The Training Grounds,5,true,5999
21184,The Bakery,4.5263,true,1999
21185,The Nether Bastion,4.9412,true,2999
21186,The Ice Castle,5,true,4499
21187,The Red Barn,4.9231,true,8999
21188,The Llama Village,4.4118,true,11499
21189,The Skeleton Dungeon,5,true,2499
21190,The Abandoned Village,4,true,4499
21226,Art Project - Create Together,4.9167,true,10499
21318,Tree House,4.6023,true,21499
21319,Central Perk,4.5764,true,6999
21321,International Space Station,4.4024,true,5999
21323,Grand Piano,4.3526,false,34499
21324,123 Sesame Street,4.5439,false,10499
21325,Medieval Blacksmith,4.8957,true,15999
21326,Winnie the Pooh,4.7653,true,8999
21327,Typewriter,4.3534,true,21499
21328,Seinfeld,4.8375,true,6999
21329,LEGO® Ideas Fender® Stratocaster™,4.3838,true,10499
21331,Sonic the Hedgehog™ – Green Hill Zone,4.5772,true,6999
21332,The Globe,4.6667,true,19999
21333,Vincent van Gogh - The Starry Night,4.7865,true,14999
21334,Jazz Quartet,4.6607,true,8999
2853101,LEGO Gift Card,null,true,1499
30464,El Fuego's Stunt Cannon,4.3333,true,349
30556,DOTS Mini Frame,null,true,349
31058,Mighty Dinosaurs,4.6296,true,1299
31088,Deep Sea Creatures,4.9706,true,1299
31093,Riverside Houseboat,4.5,true,2499
31100,Sports Car,4.1429,false,899
31108,Caravan Family Holiday,4.4783,false,6999
31109,Pirate Ship,4.7167,true,11499
31111,Cyber Drone,5,true,899
31112,Wild Lion,4.75,true,1299
31113,Race Car Transporter,4.9048,false,2199
31114,Superbike,5,true,1799
31115,Space Mining Mech,4.8333,false,2199
31116,Safari Wildlife Tree House,3.8,true,2499
31117,Space Shuttle Adventure,4.9259,false,4499
31118,Surfer Beach House,4.6923,true,4499
31119,Ferris Wheel,4.8103,false,7999
31120,Medieval Castle,4.697,true,8999
31121,Crocodile,4.625,false,2499
31122,Fish Tank,4.7105,true,2499
31123,Off-road Buggy,4.9375,true,1299
31124,Super Robot,4.9048,true,899
31125,Fantasy Forest Creatures,4.95,true,1299
31126,Supersonic Jet,5,true,1799
31127,Street Racer,4.9412,true,1799
31128,Dolphin and Turtle,4.7222,true,899
31129,Majestic Tiger,4.8485,true,4499
31130,Sunken Treasure Mission,4,true,2499
31131,Downtown Noodle Shop,5,true,3999
31132,Viking Ship and the Midgard Serpent,4.3333,true,10499
31201,Harry Potter™ Hogwarts™ Crests,4.2245,true,10499
31202,Disney's Mickey Mouse,4.5676,true,10499
31203,World Map,4.3043,true,21499
31204,Elvis Presley “The King”,5,true,10499
31205,Jim Lee Batman™ Collection,4.7857,true,10499
31206,The Rolling Stones,2.8846,true,12999
31207,Floral Art,3.75,true,5999
40174,LEGO® Iconic Chess Set,4.4717,true,5499
40179,Mosaic Maker,3.7778,true,9999
40348,Birthday Clown,4.7143,true,999
40366,LEGO® House Dinosaurs,null,true,7499
40367,Lady Liberty,4.8667,true,999
40373,Fairground MF Acc. Set,5,true,1199
40375,Sports Accessories,3.6,true,399
40377,Donald Duck,4.6154,true,999
40378,Goofy \u0026 Pluto,4.5714,true,1349
40382,Birthday Set,4.9231,true,1199
40383,Wedding Bride,4.3636,false,719
40384,Wedding Groom,5,true,719
40385,Trophy,4.3333,true,1199
40386,Batman™,4.2857,true,899
40391,First Order Stormtrooper™,4.4286,true,899
40420,"Gru, Stuart and Otto",4.5,true,1799
40421,"Belle Bottom, Kevin and Bob",5,true,1079
40426,Christmas Wreath 2-in-1,4.431,true,3499
40428,The Joker™,4.8,true,899
40431,Brick Sketches™ BB-8™,4.6,true,899
40440,German Shepherd,4.5833,false,809
40441,Shorthair Cats,4.9375,false,1349
40442,Goldfish,4.625,true,1349
40443,Budgie,4.5333,true,1349
40454,Spider-Man versus Venom and Iron Venom,4.7,false,1349
40456,Mickey Mouse,4.9,true,1499
40457,Minnie Mouse,4.8333,true,1499
40460,Roses,4.8171,true,1199
40461,Tulips,4.48,true,899
40462,Valentine's Brown Bear,4.8947,true,1349
40463,Easter Bunny,4.6,true,1349
40466,Chinese New Year Pandas,4.7333,true,1799
40468,Yellow Taxi,3.9167,true,899
40469,Tuk Tuk,4.5405,true,899
40472,Monkie Kid's RC Race,4.6667,true,1199
40476,Daisy Duck,4.75,true,999
40477,"Scrooge McDuck, Huey, Dewey \u0026 Louie",4.75,true,2199
40479,Dalmatian,4.75,false,809
40480,Ginger Tabby,5,false,1349
40481,Cockatiel,5,false,809
40495,"Harry, Hermione, Ron \u0026 Hagrid™",4.8667,true,2199
40496,"Voldemort™, Nagini \u0026 Bellatrix",5,true,2199
40497,Halloween Owl,4.4444,true,1349
40498,Christmas Penguin,4.5882,true,1349
40511,Minions Kung Fu Training​,5,true,1349
40516,Everyone Is Awesome,4.5517,true,3099
40517,Vespa,4.8824,true,899
40518,High-Speed Train,3.8462,true,1799
40519,New York Postcard,4.7333,false,1349
40521,Mini Disney The Haunted Mansion,4.3333,true,3499
40522,Valentine Lovebirds,5,true,1199
40523,Easter Rabbits Display,4.9091,false,1199
40524,Sunflowers,4.4769,true,1199
40525,Endgame Battle,5,true,1349
40526,Electric Scooters \u0026 Charging Dock,4.75,true,1199
40535,Iron Man,4.6667,true,1499
40536,Miles Morales,5,true,1499
40539,Ahsoka Tano™,4.9394,true,999
40540,Lion Dance Guy,4.8125,true,999
40541,Manchester United Go Brick Me,null,true,1799
40542,FC Barcelona Go Brick Me,null,true,1799
40544,Pets - French Bulldog,5,true,1349
40545,Koi Fish,5,true,1349
40546,Poodle,5,true,1349
40547,Obi-Wan Kenobi™ \u0026 Darth Vader™,4.1111,true,1799
40548,Spice Girls Tribute,4.8261,true,4499
40549,Demogorgon \u0026 Eleven,4.5,false,1799
40550,Chip \u0026 Dale,4.5556,true,1799
40552,Buzz Lightyear,4.75,true,999
40553,Woody and Bo Peep,4.8571,true,1799
40554,Jake Sully \u0026 his Avatar,null,true,1799
40557,Defence of Hoth™,4.5,true,1349
40558,Clone Trooper™ Command Station,3.963,true,1349
40559,Road Runner™ \u0026 Wile E. Coyote™,4.7778,true,1799
40560,Professors of Hogwarts™,5,true,3999
40568,Paris Postcard,4.25,false,1349
40569,London Postcard,5,false,1349
40570,Halloween Cat \u0026 Mouse,4.8125,false,1199
40571,Wintertime Polar Bears,5,true,1199
40572,Penguin \u0026 Snowflake,4,true,899
40648,Money Tree,null,false,2199
40654,Beijing Postcard,3.75,true,1349
41166,Elsa's Wagon Adventure,3.5,true,2499
41168,Elsa's Jewelry Box Creation,4.8333,true,3499
41390,Andrea's Car \u0026 Stage,4.5,false,1799
41393,Baking Competition,5,true,3499
41395,Friendship Bus,5,true,5999
41439,Cat Grooming Car,5,true,899
41441,Horse Training and Trailer,4.8696,false,2499
41443,Olivia's Electric Car,4.9333,true,1299
41444,Heartlake City Organic Café,4.8605,true,2499
41448,Heartlake City Movie Theater,4.7143,true,4499
41449,Andrea's Family House,4.9063,false,5999
41450,Heartlake City Shopping Mall,4.4545,false,8999
41669,Mia's Soccer Cube,null,false,899
41677,Forest Waterfall,5,true,899
41679,Forest House,4.9535,true,2499
41681,Forest Camper Van and Sailboat,4.7778,true,4499
41682,Heartlake City School,5,true,5999
41683,Forest Horseback Riding Center,4.88,true,5999
41684,Heartlake City Grand Hotel,4.9286,true,8999
41685,Magical Funfair Roller Coaster,4.825,true,8999
41686,Magical Acrobatics,5,true,1799
41687,Magical Funfair Stalls,4.92,true,2499
41688,Magical Caravan,4.9302,true,4499
41689,Magical Ferris Wheel and Slide,4.8636,false,5499
41691,Doggy Day Care,4.8889,true,1799
41693,Surfer Beachfront,5,true,5999
41694,Pet Clinic Ambulance,4.9375,true,899
41695,Pet Clinic,4.875,true,1799
41696,Pony-Washing Stable,4.8667,true,899
41697,Turtle Protection Vehicle,4.8,true,899
41698,Pet Playground,4.9375,true,1799
41699,Pet Adoption Café,4.8684,true,2499
41700,Beach Glamping,4.92,true,3499
41701,Street Food Market,4.8182,true,4499
41702,Canal Houseboat,4.95,true,6499
41703,Friendship Tree House,4.7143,true,6999
41704,Main Street Building,4.9474,true,13999
41705,Heartlake City Pizzeria,4.9286,true,1299
41706,LEGO® Friends Advent Calendar,3,true,2199
41707,Tree-Planting Vehicle,4.9167,true,2499
41708,Roller Disco Arcade,4.9333,true,5499
41709,Vacation Beach House,5,true,5999
41710,Surfer Beach Fun,4.9375,true,2499
41711,Emma's Art School,4.8571,true,5999
41712,Recycling Truck,4.7059,true,1799
41713,Olivia's Space Academy,4.8571,true,5999
41714,Andrea's Theatre School,4.8715,true,8999
41715,Ice-Cream Truck,5,true,1799
41716,Stephanie's Sailing Adventure,5,true,3999
41717,Mia's Wildlife Rescue,5,true,4499
41718,Pet Day-Care Centre,4.9444,true,5999
41719,Mobile Fashion Boutique,5,true,899
41720,Water Park,4.8889,true,5499
41721,Organic Farm,5,true,8999
41722,Horse Show Trailer,5,true,8999
41921,Extra DOTS - Series 3,4,false,399
41922,Cool Cactus Bracelet,null,false,359
41926,Creative Party Kit,4.9167,true,2199
41928,Bag Tag Narwhal,2,false,359
41929,Bag Tag Leopard,4,false,359
41931,Extra DOTS - Series 4,4.5,false,399
41932,Extra DOTS - Series 5,3,false,399
41933,Music Bracelet,5,false,359
41935,Lots of DOTS,4,true,1799
41936,Pencil Holder,4.5333,true,1799
41937,Multi Pack - Summer Vibes,4.5455,true,2499
41938,Creative Designer Box,4.7727,true,3499
41939,Bag Tag Dragon,5,false,599
41940,Bag Tag Unicorn,4,false,599
41943,Gamer Bracelet with Charms,4.6667,true,599
41944,Candy Kitty Bracelet \u0026 Bag Tag,4.6364,false,1299
41945,Neon Tiger Bracelet \u0026 Bag Tag,4.625,false,1299
41946,Extra DOTS – Series 6,3.75,true,349
41947,Mickey \u0026 Friends Bracelets Mega Pack,null,true,2499
41948,Cute Banana Pen Holder,4.8636,true,1799
41949,Bag Tags Mega Pack - Messaging,4.4667,true,2499
41950,Lots of DOTS – Lettering,4.75,true,1799
41951,Message Board,5,true,1799
41952,Big Message Board,4.5,true,3499
41953,Rainbow Bracelet with Charms,null,true,599
41954,Adhesive Patch,null,true,599
41955,Stitch-on Patch,4.5,false,599
41956,Ice Cream Picture Frames \u0026 Bracelet,4.7143,true,2499
41957,Adhesive Patches Mega Pack,4.8,true,2499
41958,Extra DOTS Series 7 - SPORT,null,true,349
41959,Cute Panda Tray,5,true,1799
41960,Big Box,4.6875,true,1999
41961,Designer Toolkit - Patterns,4.875,true,5999
41962,Unicorn Creative Family Pack,4.9167,true,4499
41963,Mickey Mouse \u0026 Minnie Mouse Stitch-on Patch,3,true,599
41964,Mickey Mouse \u0026 Minnie Mouse Back-to-School Project Box,null,true,3999
42083,Bugatti Chiron,4.6646,true,31999
42090,Getaway Truck,4.5,false,1799
42096,Porsche 911 RSR,4.4423,true,16999
42107,Ducati Panigale V4 R,4.5063,true,5999
42110,Land Rover Defender,4.3571,false,17499
42111,Dom's Dodge Charger,4.3133,true,10499
42114,6x6 Volvo Articulated Hauler,3.8852,false,22999
42115,Lamborghini Sián FKP 37,4.01,true,38999
42116,Skid Steer Loader,4.5,true,899
42117,Racing Plane,5,true,899
42118,Monster Jam™ Grave Digger™,4.7105,true,1799
42119,Monster Jam™ Max-D™,4.8,true,1799
42120,Rescue Hovercraft,4.4,true,2499
42121,Heavy-Duty Excavator,4.4286,true,3499
42122,Jeep® Wrangler,4.6709,true,4499
42123,McLaren Senna GTR™,4.7619,true,4499
42124,Off-Road Buggy,4.0323,false,11499
42125,Ferrari 488 GTE “AF Corse #51”,4.4225,true,16999
42126,Ford® F-150 Raptor,4.6471,true,12499
42127,THE BATMAN - BATMOBILE™,4.4386,true,8999
42128,Heavy-duty Tow Truck,4.8049,true,15999
42129,4x4 Mercedes-Benz Zetros Trial Truck,3.9643,true,28499
42130,BMW M 1000 RR,4.6044,true,21499
42131,App-Controlled Cat® D11 Bulldozer,4.3333,false,42999
42132,Motorcycle,4.75,true,899
42133,Telehandler,4.75,true,899
42134,Monster Jam™ Megalodon™,5,true,1799
42135,Monster Jam™ El Toro Loco™,4.96,false,1799
42136,John Deere 9620R 4WD Tractor,4.963,true,2499
42137,Formula E® Porsche 99X Electric,4.8214,true,4499
42138,Ford Mustang Shelby® GT500®,4.3333,true,4499
42139,All-Terrain Vehicle,4.6818,true,7999
42140,App-Controlled Transformation Vehicle,4.6667,true,12999
42141,McLaren Formula 1™ Race Car,4.5526,true,16999
42143,Ferrari Daytona SP3,4.3176,true,38999
42144,Material Handler,4.5,true,10499
42145,Airbus H175 Rescue Helicopter,4.4118,true,17999
43101,Bandmates,2.9167,true,279
43102,Candy Mermaid BeatBox,4.2564,true,1259
43103,Punk Pirate BeatBox,4.4848,true,1259
43104,Alien DJ BeatBox,4.1282,true,1259
43105,Party Llama BeatBox,4.1795,true,1259
43106,Unicorn DJ BeatBox,4.45,true,1259
43107,HipHop Robot BeatBox,4.2286,true,1259
43109,Metal Dragon BeatBox,4.7,false,1259
43110,Folk Fairy BeatBox,4,false,1259
43111,Candy Castle Stage,4.5556,true,1749
43112,Robo HipHop Car,4.8696,true,1749
43113,K-Pawp Concert,4.8333,true,3149
43114,Punk Pirate Ship,4.8462,true,4199
43115,The Boombox,4.75,true,6299
43179,Mickey Mouse \u0026 Minnie Mouse Buildable Characters,3.9574,true,15999
43187,Rapunzel's Tower,4.3333,true,5999
43189,Elsa and the Nokk Storybook Adventures,4.6667,true,1799
43192,Cinderella’s Royal Carriage,4.8333,false,3499
43193,"Ariel, Belle, Cinderella and Tiana's Storybook Adventures",4,false,2199
43194,Anna and Elsa's Frozen Wonderland,4.9091,true,3999
43195,Belle and Rapunzel's Royal Stables,5,true,4499
43196,Belle and the Beast's Castle,4.9091,true,8999
43197,The Ice Castle,4.52,true,18999
43198,Anna’s Castle Courtyard,5,true,899
43199,Elsa’s Castle Courtyard,5,true,899
43200,Antonio's Magical Door,5,true,1799
43201,Isabela's Magical Door,2.7059,true,1799
43202,The Madrigal House,3.5714,true,4499
43203,"Aurora, Merida and Tiana’s Enchanted Creations",3.5,true,5999
43204,Anna and Olaf's Castle Fun,null,true,2999
43205,Ultimate Adventure Castle,4.7895,true,8999
43206,Cinderella and Prince Charming's Castle,null,true,7499
43207,Ariel’s Underwater Palace,4.9286,true,8999
43208,Jasmine and Mulan’s Adventure,4.75,true,3999
43209,Elsa and the Nokk’s Ice Stable,4.8,true,1299
45002,Tech Machines,3.3333,true,20999
45005,StoryTales,null,true,11999
45018,Build Me \,null,true,7999
45024,STEAM Park,5,true,17999
45025,Coding Express,null,true,21999
45026,Tubes,4.4,true,14499
45028,LEGO® Education My XL World,null,true,24999
45345,LEGO® Education SPIKE™ Essential Set,5,false,27499
45400,LEGO® Education BricQ Motion Prime Set,5,true,10999
45401,LEGO® Education BricQ Motion Essential Set,5,true,10999
45609,LEGO® Technic™ Small Hub,1,true,18999
45612,LEGO® Technic™ Small Hub Battery,null,true,6099
45678,LEGO® Education SPIKE™ Prime Set,4.4286,false,36999
45681,LEGO® Education SPIKE™ Prime Expansion Set,null,true,11599
5004931,LEGO® Birthday Card,null,false,399
5005108,LEGO Erasers (Blue \u0026 Yellow),null,true,699
5005109,LEGO 3-Pack Gel Pen Set,1.3333,true,1050
5005112,LEGO Pencil Sharpeners,3.5,true,699
5005273,LEGO® BATMAN MOVIE LUGGAGE TAG,null,true,799
5005296,LEGO BATMAN MOVIE HQ LUGGAGE TAG,null,true,799
5005352,LEGO CINCH BUCKET- BLUE,2.5,false,1799
5005353,LEGO CINCH BUCKET- RED,3.3333,true,1799
5005375,LEGO® Minifigure Display Case 16,4.8182,true,2999
5005515,LEGO® Brick Lunch Bag – Yellow,null,true,2499
5005516,LEGO® Brick Lunch Bag – Orange,5,true,2499
5005519,LEGO® Brick Lunch Bag – Green,null,true,2499
5005520,LEGO® Brick Backpack – Yellow,null,true,4999
5005521,LEGO® Brick Backpack – Orange,null,true,4999
5005523,LEGO® Brick Backpack – Navy,null,true,4999
5005525,LEGO® Brick Backpack – Green,5,true,4999
5005526,LEGO® Blue Print Heritage Classic Backpack,4,true,4999
5005528,LEGO® Boy Storage Head – Large,5,true,2199
5005530,LEGO® Brick Lunch Bag – Pink,null,true,2499
5005531,LEGO® Brick Lunch Bag – Blue,null,true,2499
5005532,LEGO® Brick Lunch Bag – Red,null,true,2499
5005534,LEGO® Brick Backpack – Pink,null,true,4999
5005535,LEGO® Brick Backpack – Blue,4,true,4999
5005536,LEGO® Brick Backpack – Red,4.6667,true,4999
5005537,LEGO® Brick Backpack – Black,5,true,4499
5005542,2x4 Red Luggage Tag,null,true,399
5005543,2x4 Blue Luggage Tag,null,true,399
5005580,LEGO® Banana Guy Luggage Tag,5,true,699
5005582,LEGO® Hot Dog Guy Luggage Tag,null,true,699
5005618,Boy Luggage Tag,null,true,699
5005634,LEGO® Skeleton Storage Head – Large,5,true,2199
5005705,Hot Dog Guy Key Light,null,false,999
5005711,LEGO® 4-Stud Black Storage Brick Drawer,5,true,2499
5005713,LEGO® 4-Stud Medium Stone Gray Storage Brick Drawer,null,true,2499
5005714,LEGO® 4-Stud Aqua Light Blue Storage Brick Drawer,4,false,2499
5005720,LEGO® 8-Stud Medium Stone Gray Storage Brick Drawer,null,true,4499
5005769,Transparent Red Sorting Case To Go,2,true,699
5005811,LEGO® Minifigure Color Me Heritage Classic Backpack,4.5,true,4999
5005818,Boba Fett™ Bag Tag,5,true,699
5005825,Stormtrooper™ Bag Tag,5,true,699
5005839,LEGO® Brick Red Hip Pack,null,true,2499
5005886,LEGO® Pumpkin Storage Head,4,true,2199
5005890,Transparent Blue Sorting Case To Go,4,true,699
5005905,Harry Potter™ – Build your own adventure,5,true,1999
5005906,"Red, Blue and Yellow Wall Hanger Set",5,true,1599
5005963,12-Pack Marker Set,null,true,2199
5005964,12-Pack Gel Pen Set,null,true,2199
5006057,Locking Notebook with Gel Pen,5,true,1499
5006129,Storage Brick Drawer 4 Red,null,true,2499
5006130,Storage Brick Drawer 4 Blue,null,true,2499
5006131,LEGO® 8-Stud Red Storage Brick Drawer,null,false,4499
5006132,8-Stud Brick Drawer – Blue,null,true,4499
5006133,8-Stud Brick Drawer – Yellow,null,false,4499
5006134,8-Stud Brick Drawer – Light Purple,3,false,4499
5006139,"Wall Hanger Set – White, Light Blue, Pink",null,true,1599
5006140,4-Stud Desk Drawer - Red,null,true,1799
5006141,4-Stud Desk Drawer - Blue,null,true,1799
5006142,8-Stud Desk Drawer – Red,null,true,2499
5006143,8-Stud Desk Drawer – Blue,null,true,2499
5006144,"Storage Head – Small, Boy",null,true,1299
5006145,"Storage Head – Small, Girl",null,true,1299
5006147,"Storage Head – Large, Girl",null,true,2199
5006151,8-Minifigure Display Case – Red,null,true,1799
5006152,Display Case 8 – Black,null,true,1799
5006154,Minifigure Display Case 16 – Red,null,true,2999
5006157,Play and Display Case – Blue,null,true,3999
5006161,"Storage Head – Small, Silly",null,true,1299
5006169,4-Stud Storage Brick – Light Blue,null,true,2199
5006170,4-Stud Yellow Storage Brick Drawer,null,true,2499
5006173,4-Stud Brick Drawer – Light Purple,null,true,2499
5006174,Magnet Set – Red,null,true,799
5006175,Magnet Set – Blue,null,true,799
5006176,Magnet Set – Yellow,null,true,799
5006179,Transparent Blue LEGO® Rack System,5,true,5499
5006181,4-Stud Brick Drawer – Light Blue,null,true,2499
5006182,8-Stud Brick Drawer – Aqua Blue,null,false,4499
5006186,"Storage Head – Small, Winking",null,true,1299
5006201,LEGO® Brick Erasers,null,true,1499
5006202,LEGO® Note Brick,null,false,1199
5006203,"Paint Party 1,000-Piece Puzzle",3,true,1599
5006204,LEGO® Still Life with Bricks: The Art of Everyday Play,null,true,1399
5006205,LEGO® Brick Notebook,null,true,1499
5006207,LEGO® Still Life with Bricks: 100 Collectible Postcards,null,true,1999
5006208,4-Stud Brick Drawer – White,null,true,2499
5006209,8-Stud Brick Drawer – White,null,false,4499
5006210,LEGO® Storage Head – Mini (Silly),null,true,699
5006211,LEGO® Storage Head – Mini (Winking),4,true,699
5006234,HYPE X LEGO® NINJAGO® Black Squad Script Adults’ T-Shirt,null,false,1399
5006236,HYPE X LEGO® NINJAGO® Black Just Hype Faces Adults’ T-Shirt,null,true,1399
5006248,LEGO® 8-Stud Black Storage Brick Drawer,null,true,4499
5006258,Mini Storage Head Boy – Bright Yellow,null,true,699
5006259,LEGO® Storage Head – Mini (Girl),2.6667,true,699
5006260,LEGO® Storage 3-Piece Organizer Cubes,null,true,1799
5006267,Darth Vader™ Bag Tag,5,true,599
5006273,Notebook with Elastic Band,null,true,1499
5006275,Gel Pen 6 Pack,null,true,1499
5006277,Hard Pencil Case,5,true,899
5006294,2.0 Pen Pal – Mechanical Pencil,5,false,399
5006311,8-Stud Brick Drawer – Light Blue,null,false,4499
5006312,4-Stud Desk Drawer – Black,null,true,1799
5006313,4-Stud Desk Drawer – White,null,true,1799
5006328,4-Stud Brick Drawer – Dark Gray,null,true,2499
5006329,8-Stud Brick Drawer – Dark Gray,4,true,4499
5006337,"The Skywalker Saga Deluxe Edition – Xbox Series X|S, Xbox One™",5,false,5999
5006338,The Skywalker Saga Deluxe Edition – PlayStation® 4,5,false,5999
5006339,The Skywalker Saga Deluxe Edition – Nintendo Switch™,5,false,5999
5006355,Brick Backpack 1 Stud – Blue,null,true,4499
5006357,Stocking – Green Brick,null,true,2499
5006358,Brick Backpack 1 Stud – Red,null,true,4499
5006364,The Mandalorian™ Key Light,4.3333,false,999
5006367,The Mandalorian™ with Grogu™ Bag Tag,5,true,699
5006372,Lightsaber Gel Pen Multipack,5,false,1090
5006489,Medium Azur Small Brick Backpack,5,true,4499
5006495,Backpack - Monkey,null,true,3999
5006496,Lime Small Brick Backpack,null,true,4499
5006497,Light Purple Small Brick Backpack,null,true,4499
5006578,4-Stud Brick Shelf – Bright Red,null,true,1799
5006590,"Storage Head – Small, Pumpkin",null,true,1299
5006591,"Storage Head – Small, Skeleton",3.5,true,1299
5006604,Hydration Bottle – Red,null,true,1599
5006605,Hydration Bottle – Blue,3,true,1599
5006608,3-Drawer Storage Rack – Gray,2.5,true,5499
5006614,Brick Bookrack – Black,3,false,1799
5006616,Brick Bookrack – Pink,5,true,1799
5006623,Yoda™ Plush,3,true,2499
5006624,Chewbacca™ Plush,2,true,2499
5006775,LEGO® Brick Backpack – Lilac,null,true,4499
5006805,100 Ways to Rebuild the World,null,true,999
5006806,Build Your Own Adventure,5,true,1899
5006807,Cute Ideas,null,false,999
5006808,Enchanted Treasury,null,true,1299
5006809,The LEGO® Games Book,1,true,1599
5006810,Magical Treasury,null,true,1899
5006811,A Visual History,null,true,3099
5006812,Build Your Own Adventure,null,false,1799
5006848,Shark Suit Guy Key Light,null,true,999
5006851,Super Nature,null,true,1599
5006854,Life Hacks,null,true,999
5006855,Grogu Bag Tag,5,true,699
5006867,8-Stud Storage Brick – Red,null,false,3499
5006875,4-Stud Desk Drawer – Gray,null,true,1799
5006876,8-Stud Desk Drawer – Black,null,false,2499
5006877,8-Stud Desk Drawer – White,null,false,2499
5006878,8-Stud Desk Drawer – Gray,null,true,2499
5006906,LEGO® Brick Playing Cards,null,true,1499
5006912,8-Stud Storage Brick – Black,3,true,3499
5006913,8-Stud Storage Brick – White,null,false,3499
5006915,8-Stud Storage Brick – Gray,null,true,3499
5006916,8-Stud Storage Brick – Yellow,null,false,3499
5006918,8-Stud Storage Brick – Light Blue,null,false,3499
5006921,8-Stud Storage Brick – Blue,null,false,3499
5006930,4-Stud Storage Brick – Black,null,true,2199
5006931,4-Stud Storage Brick – White,null,true,2199
5006933,4-Stud Storage Brick – Dark Gray,null,true,2199
5006955,"Storage Head – Large, Silly",5,true,2199
5006956,"Storage Head – Large, Winking",5,true,2199
5006968,4-Stud Storage Brick – Red,null,true,2199
5006969,4-Stud Storage Brick – Blue,null,true,2199
5006976,Brick Hip Pack – Navy 5006976,3,false,2499
5007024,Anniversary Box,null,true,2199
5007060,The Team-Up Bundle,2.6667,true,9998
5007062,The Ultimate Bundle,null,false,26495
5007065,Mystery Minifigure Mini Puzzle (Red Edition),null,true,799
5007066,"Space Stars 1,000-Piece Puzzle",4.5,true,1599
5007067,LEGO® IDEAS Minifigure Space Mission Puzzle,5,true,1599
5007070,"Minifigure Faces 1,000-Piece Puzzle",4.0909,true,1599
5007071,"Minifigure 1,000-Piece Puzzle",4.4286,true,1599
5007072,"Rainbow Bricks 1,000-Piece Puzzle",5,true,1599
5007073,4-Stud Storage Brick – Medium Stone Gray,null,true,2199
5007107,Wooden Book Rack – Light Oak,null,true,11499
5007108,Wooden Book Rack – Dark Oak,null,true,12999
5007109,Wooden Picture Frame – Light Oak,4,true,7999
5007110,Wooden Picture Frame – Dark Oak,null,true,8999
5007111,Wooden Desk Drawer 8 – Light Oak,5,false,17999
5007112,Wooden Wall Hanger Set – Dark Oak,null,true,11499
5007113,Wooden Desk Drawer 4 – Light Oak,5,false,11999
5007114,Wooden Wall Hanger Set – Light Oak,null,true,8999
5007115,Wooden Desk Drawer 4 – Dark Oak,3,true,13999
5007116,Wooden Desk Drawer 8 – Dark Oak,2.3333,true,20999
5007126,8-Stud Storage Brick – Light Purple,null,false,3499
5007128,4-Stud Storage Brick – Yellow,null,true,2199
5007136,Darth Vader™ Plush,5,true,2499
5007137,Stormtrooper™ Plush,3.5,true,2499
5007138,The Mandalorian™ Bag Tag,null,true,599
5007178,LEGO® Minifigure Notes: 20 Notecards and Envelopes,null,true,1499
5007179,Small Parts: The Secret Life of Minifigures,null,true,1199
5007195,2.0 Convertible Ruler with Minifigure,null,false,499
5007196,2.0 3-Pack Highlighter,null,false,999
5007197,2.0 12-Pack Colored Pencils with Topper,null,false,999
5007211,Mighty LEGO® Mechs,null,true,1299
5007212,How to Build LEGO® Cars,null,true,1299
5007213,How to Build LEGO® Houses,4,false,1299
5007214,Hogwarts™ at Christmas,null,true,1599
5007215,LEGO® Magical Ideas,null,true,1599
5007224,LEGO® Note Brick,null,true,1199
5007226,Stormtrooper™ Notebook,null,false,899
5007227,Boba Fett™ Notebook,5,true,899
5007228,Lightsaber Gel Pen,null,false,499
5007229,Shark Suit Guy Bag Tag,null,true,599
5007230,1x1 Brick NiteLite – Blue,null,true,1799
5007231,1x1 Brick NiteLite – Red,null,true,1799
5007232,1x1 Brick NiteLite – Pink,1,true,1799
5007233,1x1 Brick NiteLite – White,null,true,1799
5007234,1x1 Brick NiteLite – Yellow,null,true,1799
5007237,Notebook with Gel Pen – Blue,null,true,1499
5007238,Notebook with Gel Pen – Violet,null,true,1499
5007239,Notebook with Gel Pen – Red,null,true,1499
5007240,Notebook with Gel Pen – Orange,null,true,1499
5007241,Notebook with Gel Pen – Yellow,null,true,1499
5007242,Notebook with Gel Pen – Lime,null,true,1499
5007243,Notebook with Gel Pen – Green,null,true,1499
5007244,Notebook with Gel Pen – Azure,null,true,1499
5007245,Notebook with Gel Pen – Lavender,null,true,1499
5007246,Notebook with Gel Pen – Red Brown,null,true,1499
5007247,Notebook with Gel Pen – Black,null,true,1499
5007249,LEGO® Brick Backpack – Black,null,true,4499
5007253,LEGO® Brick Backpack – Red,5,true,4499
5007267,4-Stud Storage Brick – Light Purple,null,true,2199
5007268,8-Stud Storage Brick – Stone Gray,null,false,3499
5007269,Box with Handle – Red,null,true,1899
5007270,Box with Handle – Blue,null,true,1899
5007272,Hydration Bottle – Lavender,null,true,1599
5007273,Minifigure Lunch Set,3,true,1299
5007274,LUNCH SET FRIENDS,null,true,1299
5007275,LUNCH SET NINJAGO CLASSIC,4,true,1299
5007276,Tumbler with Drinking Straw,null,true,899
5007279,Sorting Box – Blue,null,true,1299
5007280,4-Stud Brick Shelf – Blue,null,true,1799
5007281,4-Stud Brick Shelf – Black,null,true,1799
5007282,4-Stud Brick Shelf – White,null,true,1799
5007283,4-Stud Brick Shelf – Gray,null,true,1799
5007284,8-Stud Brick Shelf – Bright Red,null,true,2499
5007285,8-Stud Brick Shelf – Blue,1,true,2499
5007286,8-Stud Brick Shelf – Black,null,true,2499
5007287,8-Stud Brick Shelf – White,null,true,2499
5007288,8-Stud Brick Shelf – Gray,null,true,2499
5007289,Brick Scooper Set – Bright Red,null,true,1599
5007290,Darth Vader™ Key Light,4,true,1299
5007291,Stormtrooper™ Key Light,5,true,1299
5007332,The Secrets of LEGO® House,null,true,2999
5007337,Luigi’s Mansion™ Madness Bundle,null,true,18196
5007338,The Beach Blast Bundle,null,true,13497
5007367,Harry Potter™: Magical Secrets,null,true,799
5007368,Dinosaur Adventures,null,true,799
5007369,Stop the Fire!,null,true,799
5007370,Happy to Help!,null,true,799
5007371,Build and Stick,null,true,1699
5007372,Wizard vs Wizard,null,true,1999
5007373,Let's Play Quidditch™,null,false,799
5007374,Everything Is Awesome: A Search-and-Find Celebration of LEGO® History,null,true,699
5007375,5-Minute Builds,null,true,1699
5007391,Fun to Color,null,true,699
5007392,Fun to Color,null,true,699
5007393,"1,001 Stickers",null,true,799
5007409,The Skywalker Saga Deluxe Edition – PlayStation® 5,4.8,false,5999
5007418,Ferrari Daytona SP3 The Sense of Perfection,5,false,6999
5007453,Hermione Granger™ Plush,null,true,2499
5007454,Albus Dumbledore™ Plush,null,true,2499
5007455,Harry Potter™ Plush,null,true,2499
5007461,Yoda™ Holiday Plush,null,false,3299
5007462,Darth Vader™ Holiday Plush,null,false,3299
5007463,Stormtrooper™ Holiday Plush,null,false,3299
5007464,Chewbacca™ Holiday Plush,null,false,3299
5007483,Brick Wallet,3.5,true,899
5007484,Minifigure Wallet,null,false,899
5007485,Minifigure Packable Tote,null,true,2099
5007486,Lloyd Future Backpack,null,false,3999
5007487,City Police Heritage Classic Backpack,null,true,3999
5007493,Hedwig™ Plush,null,true,2499
5007494,Hagrid™ Plush,null,true,3499
5007544,Block Backpack – Citrus,null,true,4499
5007555,Penguin Boy Plush,3,true,1999
5007556,Lloyd,null,true,2799
5007557,Shark Suit Guy Plush,null,true,1999
5007558,Fox Costume Girl Plush,null,true,1999
5007564,Kai,null,true,2799
5007565,Hot Dog Guy Plush,null,true,1999
5007566,Banana Guy Plush,2,true,1999
5007579,Amazing But True – Fun Facts About the LEGO World and Our Own!,null,true,1699
5007580,Party Ideas with Exclusive LEGO Cake Mini Model,null,true,999
5007581,Meet the Minifigures,null,true,1299
5007582,How to Build LEGO® Dinosaurs,null,true,999
5007583,The LEGO Ideas Book New Edition: You Can Build Anything!,null,true,1999
5007593,Yoda™ Notebook,null,true,899
5007613,Awesome Vehicles,null,true,1299
5007615,A Spellbinding Guide to Hogwarts™ Houses,null,true,1299
5007616,We Just Click,null,true,1199
5007617,2023 Daily Calendar: LEGO® Daily Builds,null,true,1399
5007618,Build Every Day,null,true,1299
5007619,The Art of the Minifigure,null,true,2699
5007620,2023 LEGO® Wall Calendar,null,true,1399
5007628,Christmas Ideas,null,true,1199
5007629,Holiday Sticker Book,null,true,699
5007642,LEGO® In Focus,null,true,2499
51515,Robot Inventor,3.7143,true,31499
60197,Passenger Train,4.1429,false,11499
60198,Cargo Train,4.3478,false,16999
60205,Tracks,3.5714,true,1799
60238,Switch Tracks,4.75,true,1799
60243,Police Helicopter Chase,3.6,true,2499
60246,Police Station,3.8571,false,8999
60253,Ice-Cream Truck,4.8889,true,1799
60262,Passenger Airplane,4.3226,true,8999
60265,Ocean Exploration Base,4.7647,false,5499
60267,Safari Off-Roader,4.5833,false,1799
60275,Police Helicopter,5,true,899
60276,Police Prisoner Transport,4.7419,true,1799
60277,Police Patrol Boat,4.7609,true,4499
60280,Fire Ladder Truck,4.5833,false,1799
60281,Fire Rescue Helicopter,4.8519,true,2499
60282,Fire Command Unit,4.8077,true,5499
60283,Holiday Camper Van,4.7805,true,1799
60284,Roadwork Truck,null,true,899
60287,Tractor,4.7692,true,1799
60291,Family House,4.6053,true,4499
60292,Town Center,4.2222,false,8999
60293,Stunt Park,4.766,true,2499
60294,Stunt Show Truck,4.9362,true,5499
60295,Stunt Show Arena,4.8214,true,8999
60296,Wheelie Stunt Bike,null,true,699
60297,Demolition Stunt Bike,4.7179,true,699
60298,Rocket Stunt Bike,4.925,true,699
60299,Stunt Competition,4.5833,true,1799
60300,Wildlife Rescue ATV,5,true,899
60301,Wildlife Rescue Off-Roader,4.814,true,3999
60302,Wildlife Rescue Operation,4.6809,true,7999
60304,Road Plates,3.4267,true,1799
60305,Car Transporter,4.64,true,2499
60306,Shopping Street,4.3871,false,5999
60307,Wildlife Rescue Camp,4.8,false,8999
60308,Seaside Police and Fire Mission,5,false,3499
60309,Selfie Stunt Bike,5,true,699
60310,Chicken Stunt Bike,4.5,true,699
60311,Fire Stunt Bike,5,true,699
60312,Police Car,4.8571,true,899
60313,Space Ride Amusement Truck,4.9,true,3999
60314,Ice Cream Truck Police Chase,4.5714,true,2499
60315,Police Mobile Command Truck,4.8571,true,3999
60316,Police Station,4.6667,true,5999
60317,Police Chase at the Bank,5,true,8999
60318,Fire Helicopter,4.9412,true,899
60319,Fire Rescue \u0026 Police Chase,4.8333,true,2499
60320,Fire Station,4.8,true,5499
60321,Fire Brigade,4.5,true,8999
60322,Race Car,5,true,899
60323,Stunt Plane,5,true,899
60324,Mobile Crane,4.9615,true,3999
60325,Cement Mixer Truck,4.9333,true,1799
60326,Picnic in the park,4.8235,true,1299
60327,Horse Transporter,4.5625,true,2499
60328,Beach Lifeguard Station,4.8125,true,2499
60329,School Day,2.8261,true,5499
60330,Hospital,4.1429,true,8999
60331,Touring Stunt Bike,null,true,699
60332,Reckless Scorpion Stunt Bike,5,true,699
60333,Bathtub Stunt Bike,4.75,true,699
60335,Train Station,4.3333,true,6999
60336,Freight Train,5,true,15999
60337,Express Passenger Train,4.625,true,13999
60338,Smashing Chimpanzee Stunt Loop,5,true,4999
60339,Double Loop Stunt Arena,2,true,12999
60340,The Blade Stunt Challenge,null,true,1799
60341,The Knockdown Stunt Challenge,5,true,1799
60342,The Shark Attack Stunt Challenge,null,true,1799
60343,Rescue Helicopter Transport,4.6471,true,2499
60344,Chicken Henhouse,4.8333,true,899
60345,Farmers Market Van,4.68,true,2499
60346,Barn \u0026 Farm Animals,3.3143,true,4499
60347,Grocery Store,3.2941,true,5499
60348,Lunar Roving Vehicle,4.8824,true,2999
60349,Lunar Space Station,4.7647,true,5499
60350,Lunar Research Base,4.7188,true,8999
60351,Rocket Launch Centre,5,true,12999
60352,LEGO® City Advent Calendar,4.5,true,2199
60353,Wild Animal Rescue Missions,4.8571,true,2499
60354,Mars Spacecraft Exploration Missions,4.4783,true,2499
60355,Water Police Detective Missions,4.6667,true,2499
630,Brick Separator,4.7876,true,219
70688,Kai's Spinjitzu Ninja Training,4.8235,true,899
70689,Lloyd's Spinjitzu Ninja Training,4.5,true,899
70690,Jay's Spinjitzu Ninja Training,4.75,true,899
71032,Series 22,3.5208,false,349
71033,The Muppets,3.4458,true,349
71034,Series 23,3.75,true,349
71035,The Muppets 6 pack,3.1373,false,2099
71036,Series 23 6 pack,3.0417,true,2099
71040,The Disney Castle,4.6656,true,30999
71043,Hogwarts™ Castle,4.7671,true,40999
71360,Adventures with Mario Starter Course,3.5302,true,5499
71367,Mario’s House \u0026 Yoshi Expansion Set,3.8846,true,2499
71368,Toad’s Treasure Hunt Expansion Set,4.4706,false,7499
71374,Nintendo Entertainment System™,4.7466,true,22999
71376,Thwomp Drop Expansion Set,4.4444,false,3499
71384,Penguin Mario Power-Up Pack,4.7,false,899
71385,Tanooki Mario Power-Up Pack,3.6667,false,899
71387,Adventures with Luigi Starter Course,4.622,true,5499
71388,Boss Sumo Bro Topple Tower Expansion Set,4.7,true,2499
71389,Lakitu Sky World Expansion Set,4.6364,false,3499
71390,Reznor Knockdown Expansion Set,4.9091,true,5999
71391,Bowser’s Airship Expansion Set,4.2821,true,8999
71392,Frog Mario Power-Up Pack,5,true,899
71393,Bee Mario Power-Up Pack,3,true,899
71395,Super Mario 64™ Question Mark Block,4.8077,true,16999
71396,Bowser Jr.'s Clown Car Expansion Set,4.6667,true,899
71397,Luigi’s Mansion™ Lab and Poltergust Expansion Set,4.5882,true,2199
71398,Dorrie’s Beachfront Expansion Set,4.9167,true,2499
71399,Luigi’s Mansion™ Entryway Expansion Set,4.8182,true,3499
71400,Big Urchin Beach Ride Expansion Set,4.9091,true,5499
71401,Luigi’s Mansion™ Haunt-and-Seek Expansion Set,4.963,true,6999
71402,Character Packs – Series 4,4.5714,true,349
71403,Adventures with Peach Starter Course,4.4762,true,5499
71404,Goomba’s Shoe Expansion Set,3.3333,true,899
71405,Fuzzy Flippers Expansion Set,null,true,2199
71406,Yoshi’s Gift House Expansion Set,5,true,2999
71407,Cat Peach Suit and Frozen Tower Expansion Set,null,true,5999
71408,Peach’s Castle Expansion Set,3.3333,true,11499
71409,Big Spike’s Cloudtop Challenge Expansion Set,null,true,5999
71410,Character Packs - Series 5,2.9231,true,499
71411,The Mighty Bowser™,4.9091,true,22999
71412,Big Bad Island Expansion Set,5,true,3999
71700,Jungle Raider,4.8333,true,899
71730,Epic Battle Set - Kai vs. Skulkin,4.25,false,899
71734,Kai's Blade Cycle,5,false,899
71735,Tournament of Elements,4.9211,false,2499
71736,Boulder Blaster,4.7297,false,3499
71737,X-1 Ninja Charger,4.3333,false,4499
71738,Zane's Titan Mech Battle,4.6,true,5999
71739,Ultra Sonic Raider,4.6471,false,7999
71740,Jay's Electro Mech,3.4545,true,1799
71741,NINJAGO® City Gardens,4.7416,true,29999
71742,Overlord Dragon,4.8158,false,2499
71745,Lloyd's Jungle Chopper Bike,4.6667,true,1799
71746,Jungle Dragon,4.6154,false,3499
71747,The Keepers' Village,4.9333,false,4499
71748,Catamaran Sea Battle,4.7778,true,5999
71749,Final Flight of Destiny's Bounty,4.6957,false,3499
71750,Lloyd's Hydro Mech,4.75,false,1799
71752,Ninja Sub Speeder,4.76,false,3499
71753,Fire Dragon Attack,4.6111,false,4499
71754,Water Dragon,4.7,true,6999
71755,Temple of the Endless Sea,4.92,true,9999
71756,Hydro Bounty,4.6087,true,12999
71757,Lloyd's Ninja Mech,4.7368,true,899
71759,Ninja Dragon Temple,2,true,3999
71760,Jay’s Thunder Dragon EVO,3.9091,true,1799
71761,Zane’s Power Up Mech EVO,4.75,true,899
71762,Kai’s Fire Dragon EVO,4.5,true,2499
71763,Lloyd’s Race Car EVO,4.9412,true,2499
71764,Ninja Training Centre,4.8125,true,3499
71765,Ninja Ultra Combo Mech,4.8214,true,8999
71766,Lloyd’s Legendary Dragon,4.88,true,5999
71767,Ninja Dojo Temple,4.8889,true,8999
71768,Jay's Golden Dragon Motorbike,4.4444,true,1799
71769,Cole’s Dragon Cruiser,4.8,true,3999
71770,Zane's Golden Dragon Jet,4.75,true,2499
71771,The Crystal King Temple,5,true,6999
71772,The Crystal King,4.75,true,5999
71773,Kai’s Golden Dragon Raider,4.55,true,8999
71774,Lloyd’s Golden Ultra Dragon,4.375,true,12999
71775,Nya's Samurai X MECH,3.5,true,10499
71776,Jay and Nya's Race Car EVO,4.8947,true,4499
75192,Millennium Falcon™,4.6004,true,73499
75252,Imperial Star Destroyer™,3.9426,false,61499
75255,Yoda™,4.4412,false,10499
75257,Millennium Falcon™,4.6116,true,14999
75277,Boba Fett™ Helmet,4.7624,false,5499
75280,501st Legion™ Clone Troopers,4.7588,true,2499
75283,Armored Assault Tank (AAT™),4.2079,false,3499
75288,AT-AT™,4.2012,true,14999
75290,Mos Eisley Cantina™,4.7244,true,34499
75292,The Razor Crest™,4.6833,true,11999
75295,Millennium Falcon™ Microfighter,4.5789,true,899
75296,Darth Vader™ Meditation Chamber,4.1429,false,5999
75297,Resistance X-Wing™,3.9091,false,1799
75298,AT-AT™ vs. Tauntaun™ Microfighters,4.4286,false,1799
75299,Trouble on Tatooine™,4.54,true,2499
75300,Imperial TIE Fighter™,4.7179,true,3999
75301,Luke Skywalker’s X-Wing Fighter™,4.3719,true,4499
75302,Imperial Shuttle™,4.0135,true,6999
75304,Darth Vader™ Helmet,4.6765,true,6999
75305,Scout Trooper™ Helmet,4.6571,false,4499
75306,Imperial Probe Droid™,3.9765,false,5999
75308,R2-D2™,4.5385,true,20999
75309,Republic Gunship™,3.9914,true,34499
75310,Duel on Mandalore™,4.0588,true,1799
75311,Imperial Armored Marauder,4.6528,false,3499
75312,Boba Fett’s Starship™,4.37,true,4499
75313,AT-AT™,4.3333,true,73499
75314,The Bad Batch™ Attack Shuttle,4.0297,true,8999
75315,Imperial Light Cruiser™,4.0145,true,13999
75316,Mandalorian Starfighter™,4.3824,false,5999
75317,The Mandalorian™ \u0026 the Child,4.6765,true,1799
75318,The Child,4.6582,true,7999
75319,The Armorer’s Mandalorian™ Forge,4.7037,false,2499
75320,Snowtrooper™ Battle Pack,4.2836,true,1799
75321,The Razor Crest™ Microfighter,4.2069,true,899
75322,Hoth™ AT-ST™,4.614,true,4499
75323,The Justifier™,3.4783,true,14999
75324,Dark Trooper™ Attack,4.6226,true,2999
75325,The Mandalorian's N-1 Starfighter™,4.2941,true,5999
75326,Boba Fett's Throne Room,4.1739,true,8999
75327,Luke Skywalker™ (Red Five) Helmet,3.84,true,5999
75328,The Mandalorian™ Helmet,4.9149,true,5999
75329,Death Star™ Trench Run Diorama,4.8846,true,5999
75330,Dagobah™ Jedi™ Training Diorama,4.7857,true,7999
75332,AT-ST™,1.6739,true,2999
75333,Obi-Wan Kenobi’s Jedi Starfighter™,4.45,true,2999
75334,Obi-Wan Kenobi™ vs. Darth Vader™,3.4091,true,4499
75335,BD-1™,4.7632,true,8999
75336,Inquisitor Transport Scythe™,4.7209,true,8999
75337,AT-TE™ Walker,4.4043,true,11999
75338,Ambush on Ferrix™,4.3846,true,6999
75339,Death Star™ Trash Compactor Diorama,3.9324,true,7999
75341,Luke Skywalker’s Landspeeder™,4.4066,true,20999
75342,Republic Fighter Tank™,4.4103,true,3999
75343,Dark Trooper™ Helmet,4.3333,true,5999
75546,Minions in Gru's Lab,4.4444,true,1799
75547,Minion Pilot in Training,5,false,2999
75550,Minions Kung Fu Battle,4.8333,true,3499
75551,Brick-built Minions and their Lair,3.8235,false,4499
75571,Neytiri \u0026 Thanator vs. AMP Suit Quaritch,4.9286,true,3999
75572,Jake \u0026 Neytiri’s First Banshee Flight,4.8125,true,4999
75573,Floating Mountains: Site 26 \u0026 RDA Samson,4.8,true,8999
75574,Toruk Makto \u0026 Tree of Souls,4.6154,true,12999
75575,Ilu Discovery,null,false,1999
75576,Skimwing Adventure,null,false,2999
75577,Mako Submarine​,null,false,4999
75578,Metkayina Reef Home,null,false,6999
75579,Payakan the Tulkun \u0026 Crabsuit,null,false,8999
75948,Hogwarts™ Clock Tower,4.625,true,8999
75955,Hogwarts™ Express,4.5556,false,7999
75968,4 Privet Drive,4.6512,true,6999
75969,Hogwarts™ Astronomy Tower,4.5098,true,8999
75979,Hedwig™,4.5714,true,3499
75980,Attack on the Burrow,4.7273,true,8999
76145,Eternals’ Aerial Assault,5,true,899
76154,LEGO® Marvel Deviant Ambush!,4.7895,true,1799
76155,LEGO® Marvel The Eternals In Arishem’s Shadow,4.4091,true,5999
76156,LEGO® Marvel Rise of the Domo,4.8261,true,8999
76161,1989 Batwing,4.3333,true,17499
76175,Attack on the Spider Lair,4.75,true,6999
76176,Escape from The Ten Rings​,4.3684,true,2499
76177,Battle at the Ancient Village​,4.1304,true,3499
76179,Batman™ \u0026 Selina Kyle™ Motorcycle Pursuit,4.8846,true,1299
76180,Batman™ vs. The Joker™: Batmobile™ Chase,5,false,2499
76181,Batmobile™: The Penguin™ Chase,4.6842,true,2499
76182,Batman™ Cowl,3.96,false,5499
76183,Batcave™: The Riddler™ Face-off,5,true,5999
76184,Spider-Man vs. Mysterio’s Drone Attack,4.7391,true,1799
76185,Spider-Man at the Sanctum Workshop,4.4286,false,3499
76186,Black Panther Dragon Flyer,4.8824,false,1799
76187,Venom,4.1379,true,5999
76188,Batman™ Classic TV Series Batmobile™,4.55,true,2999
76189,Captain America and Hydra Face-Off,5,false,899
76190,Iron Man: Iron Monger Mayhem,4.4688,false,3499
76191,Infinity Gauntlet,4.5699,true,7999
76192,Avengers: Endgame Final Battle,4.8537,true,7999
76193,The Guardians’ Ship,4.8356,true,13999
76194,Tony Stark’s Sakaarian Iron Man,4.6364,true,2999
76195,Spider-Man’s Drone Duel,4.6897,true,1799
76198,Spider-Man \u0026 Doctor Octopus Mech Battle,4.8571,false,1799
76199,Carnage,4.5652,false,5499
76200,Bro Thor’s New Asgard,4.8649,false,2499
76201,Captain Carter \u0026 The Hydra Stomper,4.375,true,2499
76202,Wolverine Mech Armour,4.4643,true,899
76203,Iron Man Mech Armour,4.8667,true,899
76204,Black Panther Mech Armour,5,true,899
76205,Gargantos Showdown​,4.3889,true,2499
76206,Iron Man Figure,4.6667,true,3999
76207,Attack on New Asgard,4.7059,true,1799
76208,The Goat Boat,4.7576,true,5499
76209,Thor's Hammer,4.6966,true,10499
76211,Shuri's Sunbird,3.5,true,4499
76212,Shuri's Lab,null,true,899
76213,King Namor’s Throne Room,5,true,2999
76214,Black Panther: War on the Water,4.2,true,7999
76215,Black Panther,3.7931,true,29999
76216,Iron Man Armoury,2.381,true,7999
76217,I am Groot,4.6774,true,4499
76218,Sanctum Sanctorum,4.4783,true,21499
76219,Spider-Man \u0026 Green Goblin Mech Battle,4.9412,true,1799
76220,Batman™ versus Harley Quinn™,4.25,true,1299
76223,Nano Gauntlet,4.2,true,5999
76225,Miles Morales Figure,null,true,2499
76226,Spider-Man Figure,4.5,true,2499
76230,Venom Figure,null,true,2499
76231,Guardians of the Galaxy Advent Calendar,4.5,true,2999
76237,Sanctuary II: Endgame Battle,4,false,3499
76238,Classic TV Series Batman™ Cowl,3.5517,true,5499
76239,LEGO® DC Batman™ Batmobile™ Tumbler: Scarecrow™ Showdown,4.8452,false,3499
76240,LEGO® DC Batman™ Batmobile™ Tumbler,4.2542,true,22999
76382,Hogwarts™ Moment: Transfiguration Class,4.675,true,2499
76383,Hogwarts™ Moment: Potions Class,4.6957,true,2499
76385,Hogwarts™ Moment: Charms Class,4.7179,false,2499
76386,Hogwarts™: Polyjuice Potion Mistake,4.8182,true,1799
76387,Hogwarts™: Fluffy Encounter,3.9688,true,3499
76388,Hogsmeade™ Village Visit,4.62,true,7999
76389,Hogwarts™ Chamber of Secrets,4.4286,true,12999
76391,Hogwarts™ Icons - Collectors' Edition,4.7978,true,25999
76392,Hogwarts™ Wizard’s Chess,4.5455,true,5999
76393,Harry Potter \u0026 Hermione Granger™,4.7895,true,11499
76394,"Fawkes, Dumbledore’s Phoenix",4.7297,false,3499
76395,Hogwarts™: First Flying Lesson,4.3889,true,2499
76396,Hogwarts™ Moment: Divination Class,4.2,true,2499
76397,Hogwarts™ Moment: Defence Class,4.7778,true,2499
76398,Hogwarts™ Hospital Wing,4.6957,true,4499
76399,Hogwarts™ Magical Trunk,4.2895,true,5999
76400,Hogwarts™ Carriage and Thestrals,5,true,1799
76401,Hogwarts™ Courtyard: Sirius’s Rescue,2.5,true,4499
76402,Hogwarts™: Dumbledore’s Office,4.5,true,7999
76403,The Ministry of Magic™,3.2286,true,8999
76404,LEGO® Harry Potter™ Advent Calendar,3.625,true,2999
76406,Hungarian Horntail Dragon,4.5263,true,4499
76407,The Shrieking Shack \u0026 Whomping Willow™,4.7143,true,7999
76408,12 Grimmauld Place,4.1282,true,11499
76830,Zyclops Chase,4.9412,true,1799
76831,Zurg Battle,4.8095,true,2999
76832,XL-15 Spaceship,4.9143,true,4499
76900,Koenigsegg Jesko,4.8788,true,1799
76901,Toyota GR Supra,4.7143,true,1799
76902,McLaren Elva,4.4444,false,1799
76903,Chevrolet Corvette C8.R Race Car and 1969 Chevrolet Corvette,4.5909,true,3499
76904,Mopar Dodge//SRT Top Fuel Dragster and 1970 Dodge Challenger T/A,4.6957,true,5499
76905,Ford GT Heritage Edition and Bronco R,4.5,false,4499
76906,1970 Ferrari 512 M,4.8095,true,1999
76907,Lotus Evija,4.3158,true,1999
76908,Lamborghini Countach,4.6774,true,1999
76909,Mercedes-AMG F1 W12 E Performance \u0026 Mercedes-AMG Project One,4.4821,true,3999
76910,Aston Martin Valkyrie AMR Pro and Aston Martin Vantage GT3,4.5185,true,3999
76911,007 Aston Martin DB5,4.4737,true,1999
76912,Fast \u0026 Furious 1970 Dodge Charger R/T,4.6429,true,1999
76939,Stygimoloch Dinosaur Escape,4.9286,false,3499
76940,T. rex Dinosaur Fossil Exhibition,4.7727,true,2499
76941,Carnotaurus Dinosaur Chase,4.8824,false,4499
76942,Baryonyx Dinosaur Boat Escape,4.72,false,6999
76943,Pteranodon Chase,4.9231,true,1799
76944,T. rex Dinosaur Breakout,4.5,true,4499
76945,Atrociraptor Dinosaur: Bike Chase,4.875,true,1799
76946,Blue \u0026 Beta Velociraptor Capture,4.8824,true,2999
76947,Quetzalcoatlus Plane Ambush,4.8824,true,4499
76948,T. rex \u0026 Atrociraptor Dinosaur Breakout,4.7857,true,8999
76949,Giganotosaurus \u0026 Therizinosaurus Attack,4.9167,true,11999
76950,Triceratops Pick-up Truck Ambush,5,true,4499
76951,Pyroraptor \u0026 Dilophosaurus Transport,4.3889,true,4499
76956,T. rex Breakout,4.6034,true,8999
76989,Horizon Forbidden West: Tallneck,4.8929,true,7999
77942,Fiat 500 Blue,5,true,7499
77943,Fire Station Starter Set,null,false,2499
77944,Fire Station Headquarters,3.6667,false,8999
80008,Monkie Kid’s Cloud Jet,4.6,true,4499
80012,Monkey King Warrior Mech,4.4412,false,11499
80013,Monkie Kid’s Team Secret HQ,4.6842,true,14999
80019,Red Son's Inferno Jet,4.5,false,2499
80020,White Dragon Horse Jet,4.4,true,3499
80021,Monkie Kid's Lion Guardian,4.75,true,5999
80022,Spider Queen’s Arachnoid Base,4.875,true,8999
80023,Monkie Kid's Team Dronecopter,5,true,11499
80024,The Legendary Flower Fruit Mountain,4.8636,true,14999
80025,Sandy's Power Loader Mech,3.5,false,3999
80026,Pigsy’s Noodle Tank,4.6667,true,4499
80028,The Bone Demon,5,false,8999
80030,Monkie Kid’s Staff Creations,5,true,2999
80031,Mei’s Dragon Car,4,true,3499
80032,Chang’e Moon Cake Factory,4.6667,true,4499
80033,Evil Macaque’s Mech,4.1429,true,5999
80034,Nezha’s Fire Ring,4.2,true,6999
80035,Monkie Kid's Galactic Explorer,5,true,8999
80036,The City of Lanterns,4.8846,true,11999
80037,Dragon of the East,5,true,5499
80038,Monkie Kid’s Team Van,5,true,8999
80039,The Heavenly Realms,5,true,15999
80045,Monkey King Ultra Mech,null,false,11999
80108,Lunar New Year Traditions,4.6957,true,5999
80109,Lunar New Year Ice Festival,4.8235,true,8999
80110,Lunar New Year Display,null,false,6999
80111,Lunar New Year Parade,null,false,8999
850705,Salt and Pepper Set,4.5833,true,499
850808,LEGO® Gold Brick Keyring,4.8333,false,499
850996,LEGO® Star Wars™ Darth Vader™ Keyring,5,true,499
853449,LEGO® Star Wars™ Yoda™ Keyring,5,true,499
853910,LEGO® Minifigure Ceramic Mug,3.4,true,1349
853946,Stormtrooper™ Keyring,4.3333,false,499
853950,Spider-Man Keyring,4,true,499
853951,Batman™ Keyring,5,true,499
853952,Superman™ Keyring,null,true,499
853968,LEGO® ǀ Disney Frozen 2 Elsa Keyring,null,true,499
853969,LEGO® ǀ Disney Frozen 2 Anna Keyring,null,false,399
853998,Mickey Key Chain,4.4,true,499
853999,Minnie Key Chain,5,true,499
854005,Duke DeTain Keyring,null,false,399
854006,Venom Keyring,5,true,499
854011,Eiffel Tower Magnet Build,5,false,539
854021,Creative Bag Charm,null,false,299
854043,Otto Keyring,null,false,499
854064,Captain Marvel Keyring,4,false,499
854065,Water Tape,null,true,799
854066,Birthday Guy Keyring,5,true,399
854071,Stuart Keyring,null,true,499
854077,Spider-Ham Key Chain,4.25,false,499
854078,Thanos Keyring,4,false,499
854081,Llama Girl Keyring,null,false,499
854082,Lady Liberty Keyring,3.5,false,499
854083,2x4 Green Metallic Keyring,null,false,499
854084,2x4 White Metallic Keyring,5,false,499
854086,Red Son Keyring,5,false,239
854111,Donald Duck Keyring,5,true,499
854112,Daisy Duck Keyring,null,true,499
854114,Harry Potter™ Keyring,5,true,499
854115,Hermione Keyring,null,false,499
854116,Ron Keyring,null,true,499
854124,The Mandalorian™ Keyring,4.5,false,499
854153,Miles Morales Keyring,5,true,499
854154,Carnage Keyring,5,true,499
854155,Voldemort™ Keyring,null,true,499
854156,Tasmanian Devil™ Keyring,5,true,499
854157,Lady Bug Girl Keyring,5,true,499
854158,French Bull Dog Guy Keyring,3.2222,true,499
854159,2x4 Sand Green Keyring,null,true,499
854186,Ahsoka Tano™ Key Chain,4.4286,true,499
854187,Grogu™ Keyring,4.5,true,499
854188,Darth Maul™ Keyring,4,true,499
854189,Black Panther Keyring,null,true,499
854190,Sylvester™ Keyring,null,false,499
854191,Winnie the Pooh Keyring,null,true,499
854193,Tigger,5,false,499
854194,Big Bird Keyring,5,false,499
854195,Ernie Keyring,5,false,499
854196,Goofy Keyring,null,false,499
854197,Demogorgon Keyring,5,false,499
854198,Dumbledore Keyring,null,true,499
854199,Daffy Duck™ Keyring,null,true,499
854200,Tweety™ Keyring,null,false,499
854201,Santa Keyring,null,true,499
854203,Eeyore Keyring,4.4,false,499
854204,Elf Kid Keyring,null,true,499
88005,Light,4.3846,true,899
88006,Move Hub,3.5,true,6999
88007,Color \u0026 Distance Sensor,3.8333,true,1299
88008,Medium Linear Motor,2.4444,true,1499
88009,Hub,2.6364,false,4499
88010,Remote Control,3,true,1999
88011,Train Motor,4.1667,true,1299
88012,Technic™ Hub,2.1538,true,6999
88013,Technic™ Large Motor,4,true,2999
88014,Technic™ XL Motor,4,true,2999
88015,Battery Box,2,true,2999
88016,Large Hub,5,true,20999
88017,Large Angular Motor,null,true,2999
88018,Medium Angular Motor,null,true,2499
92176,LEGO® NASA Apollo Saturn V,4.7957,true,10499
